cod_directivo,nomb_directivo,apell_directivo
di1,LILIANA PATRICIA,GIRALDO GUERRA
di2,MARLLY YANETH,ROJAS ORTIZ
di3,HECTOR ALFONSO,RODRIGUEZ DIAZ
di4,RENE,MARTINEZ PRIETO
di5,JAIME LEÓN,DE LA OSSA VELÁSQUEZ
di6,JAIME ALBERTO,RINCON PRADO
di7,FRANCISCO JOSE,GOMEZ ORTIZ
di8,PABLO,SANCHEZ VILLEGAS
di9,CARLOS EDUARDO,GOMEZ ARENAS
di10,JOSÉ ALEJANDRO,CHEYNE GARCÍA
di11,PABLO HERNAN,VERA SALAZAR
di12,MARIA ESPERANZA,LUNA PARRA
di13,GUSTAVO ADOLFO,TELLEZ FANDIÑO
di14,JOHN HENRY,CASTILLO PULIDO
di15,GINA MARCELA,BARRETO MORENO
di16,LUIS EDUARDO,RAMIREZ SUAREZ
di17,DANIEL,TORO GONZALEZ
di18,CARLOS ENRIQUE,RAMÍREZ ROBLEDO
di19,SANDRA LUCIA,BOLAÑOS DELGADO
di20,LUIS HERNAN,PEREZ PAEZ
di21,SANDRA YANETH,WILCHES DURÁN
di22,JUAN FELIPE,AGUDELO GARCIA
di23,MAURICIO,GUZMAN VELEZ
di24,ERVIN,GAITAN SERRANO
di25,JAIRO AUGUSTO,RODELO SIERRA
di26,CLAUDIA XIMENA,TORRES ORTEGA
di27,OSCAR EDUARDO,CHAVARRO ARIAS
di28,CARLOS EDUARDO,JARAMILLO SANINT
di29,PATRICIA ISABEL,LEQUERICA MORENO
di30,CARMEN EUGENIA,GEMBUEL QUIGUANAS
di31,CECILIA ISABEL,ORDOÑEZ DE COLUNGE
di32,IVAN,ESCOBAR ESCOBAR
di33,HERNÁN,PORRAS DÍAZ
di34,ÁLVARO JOSÉ,ARANGO RESTREPO
di35,JULIO ARMANDO,SALLEG TABOADA
di36,DANIEL,DURÁN BARRERA
di37,ANDREA,CONCHA SALAZAR
di38,CARLOS FERNANDO,PARRA FERRO
di39,JOSÉ RODRIGO,FLÓREZ RUIZ
di40,SANDRA INES,SALAVARRIETA HIGUERA
di41,SANDRA,ORTEGA SIERRA
di42,CAMILO,QUINTANA MEJIA
di43,GUSTAVO ADOLFO,RUBIO LOZANO
di44,EDUIN ALBERTO,SALAZAR GIRALDO
di45,CESAR,AMIN ONZAGA
di46,DANIEL ANTONIO,FLOREZ PEREZ
di47,CHARLES ROBIN,AROSA CARRERA
di48,JORGE LUIS,VALDÉS BARRAGÁN
di49,SILVIA,CARO SPINEL
di50,JOSE RAFAEL,CONSUEGRA MACHADO
di51,LEONARDO FABIO,PÉREZ SUESCÚN
di52,EMILIA,RESTREPO GOMEZ
di53,DEIBAR RENE,HURTADO HERRERA
di54,MAGDA CONSTANZA,MOTTA VELASCO
di55,LUIS HERNANDO,PARRA NIETO
di56,SONIA MARIA,GOMEZ ERAZO
di57,JORGE ALBERTO,GÓMEZ SERPA
di58,ANDRES MAURICIO,GARZON DIAZ
di59,JORGE ALBERTO,QUINTERO PINILLA
di60,LUIS FERNANDO,OJALVO PRIETO
di61,YIDIO ALBERTO,ÁLVAREZ HUMANES
di62,HUGO ALBERTO,VALENCIA PORRAS
di63,PEDRO PABLO,OSPINA OSORIO
di64,FABIO,BURITICA BERMEO
di65,DIANA CAROLINA,RIVERA CARLOS
di66,DIEGO ALONSO,MARULANDA DÍAZ
di67,CECILIA,GARCIA PADILLA
di68,JOSÉ EUSEBIO,CONSUEGRA BOLÍVAR
di69,MARIO FERNANDO,DIAZ PAVA
di70,JAIME DE JESUS,RESTREPO CUARTAS
di71,LAURA LILIANA,CASTILLO ORTIZ
di72,MONICA VIVIANA,RUEDA ROJAS
di73,FEDERICO JOSE,RESTREPO POSADA
di74,JAIRO,RODRIGUEZ VALDERRAMA
di75,DIONISIO FERNANDO,VELEZ TRUJILLO
di76,EDUARDO ALFONSO,CRISSIEN BORRERO
di77,LUZ STELLA,GOMEZ LIMA
di78,LUIS ALFONSO,PEREZ GUERRA
di79,NESTOR ALEXANDER,DUQUE LONDOÑO
di80,CARLOS ENRIQUE,MONTENEGRO MARIN
di81,ALBA LILIANA,GARZON CALDERON
di82,RAUL,JORDAN BALANTA
di83,JUAN CARLOS,CADAVID BOTERO
di84,DIEGO ALBERTO,PARRA FERRO
di85,FRANCISCO,BARBERI OSPINA
di86,EDGAR ARCESIO,GUERRERO IBAÑEZ
di87,HAROLD ENRIQUE,BANGUERO LOZANO
di88,JORGE,BOTERO PINEDA
di89,JOSE FERNANDO,ECHEVERRY MURILLO
di90,JOSE LUIS,MACIAS RODRIGUEZ
di91,IVAN DARIO,GOMEZ VILLEGAS
di92,HERNANDO,CASTELLANOS FRANCO
di93,MARIA PAOLA,PODESTA CORREA
di94,NUBIA ESPERANZA,RODRIGUEZ CALDERON
di95,JOSÉ EDGAR,GÓMEZ BETANCOURT
di96,CARMEN,BERNAL DE ARDILA
di97,VICTORIA EUGENIA,PATINO ARENAS
di98,ALBERTO ENRIQUE,ROA VARELO
di99,SANDRA BIBIANA,CASTILLO CASTILLO
di100,FABIAN ANDRES,SALAZAR OSPINA
di101,LINA MARÍA,CEPEDA MELO
di102,ALEJANDRO,VILLA GOMEZ
di103,ALEJANDRA,ACOSTA HENRIQUEZ
di104,MARITZA,RONDON RANGEL
di105,MARITZA,RONDON  RANGEL
di106,LUZ PIEDAD,CORREA ZULETA
di107,INES ALBERTINA,ECIMA VALBUENA
di108,NELSON,MANCIPE PINZON
di109,MARI­A RUTH,HERNANDEZ MARTI­NEZ
di110,CARL HENRIK,LANGEBAEK RUEDA
di111,GIOVANNY MAURICIO,TARAZONA BERMÚDEZ
di112,NANCY LILIANA,MAHECHA BEDOYA
di113,WILLIAN,MALKUN CASTILLEJO
di114,JORGE CAMILO,RINCON BELTRAN
di115,NEYL,GRIZALES ARANA
di116,SANTIAGO,ORJUELA GREIFFENSTEIN
di117,LEONEL,RUBIANO VILLA
di118,GERMAN,ANZOLA MONTERO
di119,JUAN MANUEL,LINARES VENEGAS
di120,PATRICIA INES,SALGAR HURTADO
di121,ROBERTO JOSE,GUZMAN VILLANUEVA
di122,JAIME ALBERTO,SARMIENTO MARTINEZ
di123,JHOBANNY,FLOREZ TRUJILLO
di124,MARIA CRISTINA,BOHORQUEZ GRANADOS
di125,BLANCA LIBIA,ECHEVERRI LONDOÑO
di126,DAVID EMILIO,MOSQUERA VALENCIA
di127,SONIA MARI­A,GOMEZ ERAZO
di128,DANIEL FELIPE,CASTAÑO TABARES
di129,JUAN CARLOS,LOAIZA SERNA
di130,ALVARO ENRIQUE,MAESTRE ROCHA
di131,JUAN ALBERTO,ARRAUT CAMARGO
di132,DANIEL ANDRES,ZARATE GIRALDO
di133,MARIA CLARA,RANGEL GALVIS
di134,JORGE EDUARDO,LONDOÑO ULLOA
di135,OLGA PATRICIA,PARRA SARMIENTO
di136,ANA JULIA,RIOS QUIROGA
di137,LUIS FERNANDO,PUENTES TORRES
di138,JOSE JAVIER,BUSTOS CORTES
di139,GABRIEL ALBERTO,RODRÍGUEZ JIMÉNEZ
di140,FRANZ DIETER,HENSEL RIVEROS
di141,JOHNY JOSE,GARCIA TIRADO
di142,MARCO TULIO,CALDERÓN PEÑALOZA
di143,JOSE ALBERTO,MORILLO RODRIGUEZ
di144,ARCESIO JULIAN,CASTRO AGUDELO
di145,DIEGO MAURICIO,MAZO CUERVO
di146,LUIS FELIPE,GOMEZ RESTREPO
di147,NOE RAFAEL,RIVERA LEIVA
di148,LUIS EDUARDO,RUBIANO GUAQUETA
di149,WILMAR ALEXANDER,CHINCHILLA MORENO
di150,JADER ALEXIS,CASTAÑO RICO
di151,MARCO TULIO,CALDERON PEÑALOZA
di152,MARTHA PATRICIA,CASTELLANOS SAAVEDRA
di153,JOSE TOBI­AS,BETANCOURT LADINO
di154,ADRIANA,RAMIREZ SUAREZ
di155,MARIA RUTH,HERNANDEZ MARTINEZ
di156,JOHN ROMEIRO,SERNA PELAEZ
di157,ANA MARÍA,PIÑEROS RICARDO
di158,JUAN SEBASTIAN,DE ZUBIRIA RAGO
di159,JULIO JAIRO,CEBALLOS SEPULVEDA
di160,FERNANDO RAFAEL,NAVARRO SIBAJA
di161,PAULA ANDREA,BOTERO BERMÚDEZ
di162,PATRICIA DEL PILAR,MARTINEZ BARRIOS
di163,ANTONIO MARIA,VALLEJO MORALES
di164,MARIA MARGARITA,CARRASCO RAMIREZ
di165,NELLY TERESA,BAUTISTA MOLLER
di166,MARIO ARTURO,ISAZA RUGET
di167,BEHITMAN ALBERTO,CESPEDES DE LOS RIOS
di168,CARLOS IVAN,MARTINEZ URREA
di169,JOSE TOBÍAS,DE LA CRUZ CARO
di170,JOSE EVER,RIOS ALZATE
di171,WILLLIAM FERNANDO,SANCHEZ CORREDOR
di172,MARIA LUCIA,CASAS  PARDO
di173,CARLOS ENRIQUE,CARDONA QUICENO
di174,BENJAMIN,SOTO FORERO
di175,JEANPIERRE OSWALDO,ZAMBRANO PALMA
di176,MARIO HENRY,CARDENAS GARCIA
di177,JAVIER RICARDO,VASQUEZ HERRERA
di178,PEDRO JUAN,GONZÁLEZ CARVAJAL
di179,CLAUDIA PATRICIA,RESTREPO MONTOYA
di180,ALEJANDRO,VÁSQUEZ TIECK
di181,JEIVER FERNANDO,GUTIERREZ ENCISO
di182,MAURICIO JAVIER,MOLINARES CAÑAVERA
di183,ELSA GLADYS,CIFUENTES ARANZAZU
di184,FERNANDO ARTURO,SOLER LOPEZ
di185,MAURICIO,OLIVERA GONZALEZ
di186,JAIRO,CASTRO CASTRO
di187,RAQUEL,BERNAL SALAZAR
di188,JOHN JAIRO,ARBOLEDA CÉSPEDES
di189,JASSON ALBERTO,DE LA ROSA ISAZA
di190,RAFAEL ARTURO,ARANGUREN DEVIA
di191,JESUS DAVID,CARDONA QUIROZ
di192,PAOLA ANDREA,LESMES QUINTERO
di193,JAIR,BEJARANO DUQUE
di194,DUVAN EMILIO,RAMIREZ OSPINA
di195,NATALIA ANDREA,FORERO GOMEZ
di196,HUBERTO,OBANDO GIL
di197,YOBANA ANDREA,TOBON CORREA
di198,FABIO HERNANDO,ARIAS OROZCO
di199,DANILO RAFAEL,HERNANDEZ RODRIGUEZ
di200,JOSE VICENTE,VILLAMIZAR DURAN
di201,DIEGO FERNANDO,JARAMILLO LOPEZ
di202,GABRIEL ALBERTO,RODRÍ­GUEZ JIMÉNEZ
di203,MARIA DEL CARMEN,SANCHEZ MAJANA
di204,MARIA DEL ROSARIO,GUTIERREZ DE PIÑERES PERDOMO
di205,HERNAN MAURICIO,CHAVES ARDILA
di206,MARCO AURELIO,LLINÁS VOLPE
di207,JUSTO HERNANDO,MURCIA PULIDO
di208,OLGA MARIA,GÓMEZ LOZADA
di209,SILVIA,RESTREPO RESTREPO
di210,MARIO,POSADA GARCIA PEÑA
di211,BLANCA JULIET,RINCÓN CARREÑO
di212,ANDRES IVAN,COLUNGE ORDOÑEZ
di213,YEISSON GERMAN,GARZÓN DÍ­AZ
di214,ARTURO DAVID,GONZALEZ PEÑA
di215,TOMAS,WILCHES BONILLA
di216,CLAUDIA MARCELA,GUARNIZO VARGAS
di217,OLGA LUCIA,OCAMPO TORO
di218,DIEGO ALONSO,MARULANDA DIAZ
di219,JAIRO AUGUSTO,CASTRO CASTRO
di220,GUILLERMO,HOYOS GOMEZ
di221,SANDRA TERESA,ARCOS MARTINEZ
di222,GERARDINO,VIVAS HERNANDEZ
di223,CARLOS URBANO,SÁNCHEZ GAITÁN
di224,FERNANDO JOSE,RESTREPO ESCOBAR
di225,PABLO,MORENO PALACIOS
di226,HELIS HERNAN,BARRAZA DIAZ
di227,JOSE PATRICIO,LOPEZ JARAMILLO
di228,OLINTO EDUARDO,QUIÑONES QUIÑONES
di229,HUMBERTO,RANGEL LIZCANO
di230,CARLOS HUMBERTO,TELLEZ CONTI
di231,OSCAR DARLEY,BAÉZ PINTO
di232,JUAN CAMILO,VERA GARZON
di233,GERMAN,COLONIA ALCALDE
di234,ORFA MARGARITA,GIRALDO ALZATE
di235,LEONARDO,GOMEZ HERNANDEZ
di236,JOSÉ GABRIEL,MESA ANGULO
di237,JORGE IVAN,BULA ESCOBAR
di238,CARLOS ESTEBAN,MAZO CUERVO
di239,MARITZA MARLENY,GOMEZ BARRETO
di240,JUAN FERNANDO,MAZO CUERVO
di241,PROSPERO JOSE,POSADA MYER
di242,LUIS ENRIQUE,PARADA PEREZ
di243,JUAN PABLO,ARBOLEDA GAVIRIA
di244,ENRIQUE,MEJIA BURGOS
di245,HENRY IGNACIO,GIRALDO PINEDA
di246,ELKIN DE JESUS,NARVAEZ GOMÉZ
di247,NIKY ALEXANDER,MURCIA SUAREZ
di248,FLOR NANCY,DÍ­AZ PIRAQUIVE
di249,JOSE EDGAR,GOMEZ BETANCOURT
di250,MARIA ELIZABETH,CAICEDO CAICEDO
di251,OSCAR EDUARDO,GUAYAN PERDOMO
di252,FERNEY RODRIGO,ORTIZ JIMENEZ
di253,SANDRA PATRICIA,LOPEZ LUNA
di254,JOSÉ HERNANDO,BAHAMÓN LOZANO
di255,FELIPE,HERNANDEZ DE ALBA ALBORNOZ
di256,EDGAR ALBERTO,MUÑOZ VARGAS
di257,ELKIN JOSE,HERNANDEZ CUELLO
di258,ROLANDO ANDRES,RONCANCIO RACHID
di259,FABIOLA,MONTERO OJEDA
di260,EDGAR ALEXANDER,SALAMANCA RODRIGUEZ
di261,FERNANDO CARLOS,TINOCO TAMARA
di262,ANDRES EDUARDO,GALVIS MARTINEZ
di263,LUIS ENRIQUE,PÉREZ OJEDA
di264,FRANCISCO JOSÉ,GOMEZ ORTIZ
di265,JAIME,ARIAS RAMIREZ
di266,LINA MARIA,LONDOÑO GAVIRIA
di267,OMAR,LENGERKE PEREZ
di268,JOSE FERNANDO,ARROYO VALENCIA
di269,EDGAR,VARELA BARRIOS
di270,DIEGO FERNANDO,BUITRAGO NAVARRO
di271,EDGAR ERNESTO,SANDOVAL ROMERO
di272,CARLOS ORLANDO,FERREIRA PINZON
di273,VIRNA LIZI,JOHNSON SALCEDO
di274,JENNY ROCIO,RODRIGUEZ SANCHEZ
di275,FRANCISCO ALFONSO FERNANDO,PAREJA GONZALEZ
di276,OSCAR ORLANDO,PORRAS ATENCIA
di277,ARIOSTO,ARDILA SILVA
di278,ESTEBAN,PIEDRAHITA URIBE
di279,DOLLY,MONTOYA CASTAÑO
di280,SANDRA MILENA,TAMAYO ARISTIZÁBAL
di281,BRIGITTE LUIS GUILLERMO,BAPTISTE BALLERA
di282,ADRIANA,SUAREZ ARGUELLO
di283,ALBEIRO,OSPINA RENDON
di284,MARGARITA,AÑEZ SAMPEDRO
di285,MALLERLY,GOMEZ LOPEZ
di286,MARIA LUCIA,CASAS PARDO
di287,RICARDO AURELIO,STRIEDINGER CEPEDA
di288,LUIS FERNANDO,MUNERA CONGOTE
di289,GLORIA PIEDAD,BARRETO BONILLA
di290,CARLOS AUGUSTO,NARVAEZ DIAZ
di291,HECTOR ANTONIO,BONILLA ESTEVEZ
di292,CLAUDIA MILENA,HERNANDEZ NARANJO
di293,MIGUEL ANGEL,HENRIQUEZ LOPEZ
di294,ROLANDO,BECHARA CASTILLA
di295,MIGUEL ANGEL,CANCHALA DELGADO
di296,SUSAN ANDREA,RODRÍGUEZ RODRÍGUEZ
di297,ANA MARIA,SANCHEZ VARGAS
di298,SANDRA PATRICIA,VALENCIA ZULUAGA
di299,JOSE MANUEL,RESTREPO ABONDANO
di300,ANTONIO JULIO,COPETE VILLA
di301,SONIA CAROLINA,PERALTA DIAZ
di302,JHOHAN EDUARDO,CENTENO COLLAZOS
di303,RODOLFO,PEREZ VASQUEZ
di304,LUIS FERNANDO,GAVIRIA TRUJILO
di305,RICARDO ENRIQUE,GUTIERREZ MARIN
di306,PABLO FRANCISCO,LOPEZ INSUASTY
di307,JUAN DAVID,GOMEZ FLOREZ
di308,CARLOS JULIO,BERNAL SEGURA
di309,FERNANDO,GUTIERREZ SOLANO
di310,JESÚS ARMANDO,DEL RIO AGUIRRE
di311,JORGE ORLANDO,ALARCÓN NIÑO
di312,JUAN CARLOS,URRIAGO FONTAL
di313,OSCAR JAVIER,ZAPATA GOMEZ
di314,AMAURY NICOLAS,VELEZ TRUJILLO
di315,OSCAR JAVIER,ZAPATA GÓMEZ
di316,NIDIA,GUZMÁN DURÁN
di317,SILVIA ELENA,MONTOYA DUFFIS
di318,FRANK LEONARDO,RAMOS BAQUERO
di319,CAMILO MAURICIO,GUTIERREZ OLANO
di320,AYLEM DEL CARMEN,YELA ROMO
di321,ARTURO ANTONIO,CORTES SYMES
di322,MILDRED MARIA,OSPINA PACHECO
di323,JOSÉ ALEJANDRO,CHEYNE GARCÍ­A
di324,ADRIANO,MUÑOZ BARRERA
di325,CHRISTIAN ALEXANDER,LEGUIZAMON ZARATE
di326,MARTHA SOFIA,GONZALEZ INSUASTI
di327,LUIS EDUARDO,RODRIGUEZ ORJUELA
di328,CARLOS MAURICIO,GARCÍA HOYOS
di329,JUAN CARLOS,APONTE ROMERO
di330,CARLOS ANDRÉS,PÉREZ GALINDO
di331,NATALIA,RUIZ RODGERS
di332,JAVIER ALFREDO,BARRERA PARDO
di333,JOSE YEFER,AMAYA BARRERA
di334,JAIRO ALONSO,MOLINA ARANGO
di335,JUAN FERNANDO,MONTAÑEZ MARCIALES
di336,JUAN CARLOS,BELTRAN GOMEZ
di337,CRISTINA,MATIZ MEJÍ­A
di338,DANILO MANZILLER,DIAZ CARMONA
di339,LUIS GUILLERMO,MUÑOZ ANGULO
di340,JUAN CARLOS,MEJIA GIRALDO
di341,RICARDO MAURICIO,COCOMA LOZANO
di342,ANGELA MARIA,DE VALDENEBRO CAMPO
di343,CARLOS ARTURO,ROBLES JULIO
di344,GABY EDITH,TINTINAGO NARVAEZ
di345,EDNA MARGARITA,MARTINEZ ACOSTA
di346,CARMEN ROSA,MILLAN GRAJALES
di347,NIDIA JOHANNA,ROBLES VILLABONA
di348,ALFONSO,REYES ALVARADO
di349,SANDRA LILIANA,NAVARRO PARRA
di350,RENE,MARTINEZ  PRIETO
di351,GUSTAVO ADOLFO,MORENO LÓPEZ
di352,ALBA LUCIA,CORREDOR GOMEZ
di353,ROBER TRINIDAD,ROMERO RAMÍREZ
di354,PAULA ANDREA,ARANGO GUTIÉRREZ
di355,ERNESTO,LONDOÑO OROZCO
di356,ANDRES MIGUEL,CASALETH FACIOLINCE
di357,FABIO HERNANDO,ARIAS OROZO
di358,LUCÍ­A DEL PILAR,BOHORQUEZ AVENDAÑO
di359,MARIO,RAMOS VELEZ
di360,LUIS GABRIEL,PIÑEROS RICARDO
di361,ENRIQUE,VERA LÓPEZ
di362,LUIS FERNANDO,FAJARDO FORERO
di363,HECTOR,SANCHEZ COLLAZOS
di364,HERNAN ALEJANDRO,OLANO GARCIA
di365,MANUEL ESTEBAN,ACEVEDO JARAMILLO
di366,ROBERTO,ARANGO DELGADO
di367,DIEGO ARTURO,TAMAYO SALCEDO
di368,MAURA TERESA,ACEVEDO BARON
di369,LEONARDO ENRIQUE,TAMAYO TAMAYO
di370,ALBERTO,CADENA ANGARITA
di371,JOSE BERTULFO,SOTO SANCHEZ
di372,FABIO,BURITICÁ BERMEO
di373,ALEJANDRO,SUAREZ PARADA
di374,DIANA MARÍA,ROJAS ORDUS
di375,IVONNE LILIANA,COCOMA LOZANO
di376,LEONARDO,GARCIA BOTERO
di377,JAIRO ALEXANDER,OSORIO SARAZ
di378,SERGIO ANDRES,CORREAL CUERVO
di379,GUSTAVO ANTONIO,MENDIETA GONZÁLEZ
di380,JORGE CLEMENTE,NOGUERA CALDERON
di381,NELSON,GALLEGO OROZCO
di382,ADALBERTO,RIOS JIMENEZ
di383,OVIDIO,LOPEZ ROBAYO
di384,MIGUEL ANTONIO,AVILA FIGUEROA
di385,ANGELA GABRIELA,BERNAL MEDINA
di386,EDGAR IGNACIO,DIAZ SANTOS
di387,DIANA PATRICIA,CAMARGO RAMIREZ
di388,JUAN CAMILO,MONTOYA BOZZI
di389,JUAN CAMILO,RESTREPO TAMAYO
di390,MARCELA MARIA,YEPES GOMEZ
di391,JAIRO MIGUEL,TORRES OVIEDO
di392,ALMA LUCIA,DIAZ GRANADOS MELENDEZ
di393,IVALDO,TORRES CHAVEZ
di394,DANIEL AUGUSTO,MANTILLA SANDOVAL
di395,JOHN JAIRO,ARBOLEDA CESPEDES
di396,LUIS HERNANDO,BALLESTAS RINCON
di397,ARLIN,VALVERDE SOLIS
di398,ISAAC,MORENO DE CARO
di399,OMAR ALBEIRO,MEJÍA PATIÑO
di400,MAURICIO,VELA PRIETO
di401,JUAN FERNANDO,CÓRDOBA MARENTES
di402,JESÚS MARÍ­A,SOTO CASTAÑO
di403,CARLOS,PEREZ CASTRO
di404,HUGO ALBERTO,GONZALEZ LOPEZ
di405,ALBEIRO,OSPINA OSPINA
di406,JUAN,CHOQUE FERNANDEZ
di407,SANDRA ROCIO,RAMIREZ MARTINEZ
di408,CECILIA DOLORES,CORREA DE MOLINA
di409,PATRICIA,CHEJNE FAYAD
di410,FELIPE,BAENA BOTERO
di411,ALVARO DEL CAMPO,PARRA LARA
di412,SERGIO AUGUSTO,PARRA DUARTE
di413,ERVIN YESITH,QUITIAN MADRID
di414,LIDIA MARÍA DEL SOCORRO,FLOREZ DE ALVIS
di415,MARIA JAEL,ARANGO BARRENECHE
di416,STEPHANIE,LAVAUX
di417,DIANA PAOLA,NARVAEZ LOPEZ
di418,MARIA FATIMA,BECHARA CASTILLA
di419,GUILLERMO,USECHI VELATEGUI
di420,GUSTAVO,MENDEZ PAREDES
di421,ANABELA,VILLA SAAVEDRA
di422,ADOLFO ENRIQUE,MEISEL ROCA
di423,DIANA MARGARITA,PÉREZ CAMACHO
di424,LUIS ALFREDO,CHACON CONTRERAS
di425,DUBER ALEXIS,CASTRILLON QUIROZ
di426,JESUS ANTONIO,RUIZ RAMIREZ
di427,JOSE LEONARDO,VALENCIA MOLANO
di428,DIANA JOSEFINA,TELLEZ FANDIÑO
di429,ADOLFO FERNANDO,GOMEZ PADILLA
di430,ALCIRA,CANO
di431,JAMES ENRIQUE,FERNANDEZ CORDOBA
di432,ANGELICA YANETH,VIDAL HERNÁNDEZ
di433,RICARDO,GOMEZ GIRALDO
di434,JAIME ALBERTO,LEAL AFANADOR
di435,JUAN CARLOS DE MARIA,SAMPEDRO ARRUBLA
di436,SONIA HERMINIA,ROA TRUJILLO
di437,RAUL MAURICIO,ACOSTA LEMA
di438,LUIS FERNANDO,SALGADO ROMERO
di439,SACRA NORMA,NADER DAVID
di440,BLANCA  LIBIA,ECHEVERRI LONDOÑO
di441,JULIÁN ANTONIO,HINCAPIÉ LÓPEZ
di442,CARMEN CECILIA,QUINTERO  LOZANO
di443,LEONARDO MAURICIO,BASTOS MARTÍNEZ
di444,NESTOR RAUL,FONSECA GUERRERO
di445,RICARDO ALONSO,PULIDO AGUILAR
di446,SERGIO,PARIS MENDOZA
di447,LEONOR YANETH GOE,ROJAS HERNÁNDEZ
di448,CARMEN CECILIA,QUERO DE GONZALEZ
di449,JAIRO ALBERTO,ARANGO ESQUIVIA
di450,ORIOL,JIMÉNEZ SILVA
di451,LEONOR CRISTINA,MOJICA SANCHEZ
di452,JOSE EDUARDO,CRISSIEN ORELLANO
di453,EDGAR ANTONIO,SANCHEZ ORTIZ
di454,CARLOS ANDRES,VALLEJO PARRA
di455,ALBERTO DE JESUS,URIBE CORREA
di456,EDINSON RAFAEL,CASTRO ALVARADO
di457,CLAUDIO AQUILES,OSORIO LENTINO
di458,EDID CONSUELO,BRAVO PEREZ
di459,MANUEL DOMINGO,ROJAS SALGADO
di460,JOSE EMILIO,JIMENEZ IBAÑEZ
di461,JENNY SONIA,FAJARDO FORERO
di462,LINA,URIBE CORREA
di463,DIEGO LUIS,RENDÓN URREA
di464,JOANNA ALEXANDRA,ACEVEDO TERAN
di465,JORGE ORLANDO,GAITÁN ARCINIEGAS
di466,HAROLD DE JESUS,CASTILLA DEVOZ
di467,ALEJANDRO,ÁLVAREZ GALLEGO
di468,NELSON ANTONIO,PEREZ CANO
di469,VIVIANA ALEJANDRA,ALVAREZ RESTREPO
di470,ROMELIA,ÑUSTE CASTRO
di471,LEONARDO,VILLAMIL GAMBA
di472,SERGIO ANDRES,PULGARIN MOLINA
di473,TARANEH,REZVANI DERAKHSHAN
di474,ANGELA MARIA,MERCHAN BASABE
di475,ADRIANA LUCIA,GARNICA ALVAREZ
di476,FULVIA LUCERO,VALDERRAMA CHAVARRO
